{
	"credit": "made by kaoif",
	"textures": {
		"4": "blocks/bed_feet_end",
		"5": "blocks/bed_feet_side",
		"6": "blocks/bed_feet_top",
		"7": "bed/skin",
		"bottom": "blocks/wool_colored_white"
	},
	"elements": [
		{
			"name": "1",
			"from": [9, 11, 0],
			"to": [15, 12, 16],
			"rotation": {"angle": -22.5, "axis": "z", "origin": [8, 8, 8]},
			"faces": {
				"north": {"uv": [0, 0, 1, 6], "rotation": 270, "texture": "#6"},
				"up": {"uv": [0, 0, 16, 6], "rotation": 90, "texture": "#6"},
				"down": {"uv": [0, 0, 16, 6], "rotation": 90, "texture": "#6"}
			}
		},
		{
			"name": "2",
			"from": [5.4, 10.3, 0],
			"to": [10.5, 11.3, 16],
			"faces": {
				"north": {"uv": [0, 11, 1, 5], "rotation": 90, "texture": "#6"},
				"up": {"uv": [0, 5, 16, 11], "rotation": 90, "texture": "#6"},
				"down": {"uv": [0, 5, 16, 11], "rotation": 90, "texture": "#6"}
			}
		},
		{
			"name": "3",
			"from": [1, 11, 0],
			"to": [7, 12, 16],
			"rotation": {"angle": 22.5, "axis": "z", "origin": [8, 8, 8]},
			"faces": {
				"north": {"uv": [1, 16, 0, 10], "rotation": 90, "texture": "#6"},
				"up": {"uv": [0, 10, 16, 16], "rotation": 90, "texture": "#6"},
				"down": {"uv": [0, 11, 16, 16], "rotation": 90, "texture": "#6"}
			}
		},
		{
			"name": "mattress",
			"from": [0, 5, 0],
			"to": [16, 9, 16],
			"faces": {
				"north": {"uv": [0, 7, 16, 11], "texture": "#4"},
				"east": {"uv": [16, 7, 0, 11], "texture": "#5"},
				"west": {"uv": [0, 7, 16, 11], "texture": "#5"},
				"up": {"uv": [0, 16, 16, 0], "rotation": 90, "texture": "#6"},
				"down": {"uv": [0, 0, 16, 16], "texture": "#bottom"}
			}
		},
		{
			"from": [0, 3, 0],
			"to": [16, 5, 3],
			"faces": {
				"north": {"uv": [0, 11, 16, 13], "texture": "#4"},
				"east": {"uv": [3, 11, 0, 13], "texture": "#5"},
				"south": {"uv": [0, 11, 16, 13], "texture": "#4"},
				"west": {"uv": [0, 11, 3, 13], "texture": "#5"},
				"down": {"uv": [0, 12, 16, 13], "texture": "#missing"}
			}
		},
		{
			"from": [0, 3, 3],
			"to": [1, 5, 16],
			"faces": {
				"east": {"uv": [16, 11, 3, 13], "texture": "#5"},
				"west": {"uv": [3, 11, 16, 13], "texture": "#5"},
				"down": {"uv": [0, 12, 15, 13], "texture": "#missing"}
			}
		},
		{
			"from": [15, 3, 3],
			"to": [16, 5, 16],
			"faces": {
				"east": {"uv": [16, 11, 3, 13], "texture": "#5"},
				"west": {"uv": [3, 11, 16, 13], "texture": "#5"},
				"down": {"uv": [0, 12, 15, 13], "texture": "#missing"}
			}
		},
		{
			"name": "left",
			"from": [13, 0, 0],
			"to": [16, 3, 3],
			"faces": {
				"north": {"uv": [0, 13, 3, 16], "texture": "#4"},
				"east": {"uv": [3, 13, 0, 16], "texture": "#5"},
				"south": {"uv": [0, 13, 3, 16], "texture": "#4"},
				"west": {"uv": [0, 13, 3, 16], "texture": "#5"},
				"down": {"uv": [0, 13, 3, 16], "texture": "#4"}
			}
		},
		{
			"name": "right",
			"from": [0, 0, 0],
			"to": [3, 3, 3],
			"faces": {
				"north": {"uv": [13, 13, 16, 16], "texture": "#4"},
				"east": {"uv": [3, 13, 0, 16], "texture": "#5"},
				"south": {"uv": [13, 13, 16, 16], "texture": "#4"},
				"west": {"uv": [0, 13, 3, 16], "texture": "#5"},
				"down": {"uv": [13, 13, 16, 16], "texture": "#4"}
			}
		},
		{
			"name": "1",
			"from": [1, 4, 4.5],
			"to": [15, 5, 7.5],
			"faces": {
				"north": {"uv": [1, 12, 15, 13], "texture": "#missing"},
				"south": {"uv": [1, 11, 15, 12], "texture": "#missing"},
				"down": {"uv": [1, 11, 15, 13], "texture": "#missing"}
			}
		},
		{
			"name": "2",
			"from": [1, 4, 8.5],
			"to": [15, 5, 11.5],
			"faces": {
				"north": {"uv": [1, 12, 15, 13], "texture": "#missing"},
				"south": {"uv": [1, 11, 15, 12], "texture": "#missing"},
				"down": {"uv": [1, 11, 15, 13], "texture": "#missing"}
			}
		},
		{
			"name": "3",
			"from": [1, 4, 12.5],
			"to": [15, 5, 15.5],
			"faces": {
				"north": {"uv": [1, 12, 15, 13], "texture": "#missing"},
				"south": {"uv": [1, 11, 15, 12], "texture": "#missing"},
				"down": {"uv": [1, 11, 15, 13], "texture": "#missing"}
			}
		},
		{
			"name": "left foot",
			"from": [8, 6, 0.5],
			"to": [12, 10, 12.5],
			"faces": {
				"north": {"uv": [3, 4, 2, 5], "rotation": 180, "texture": "#7"},
				"east": {"uv": [0, 5, 1, 8], "rotation": 270, "texture": "#7"},
				"south": {"uv": [2, 5, 1, 4], "texture": "#7"},
				"west": {"uv": [0, 0, 0, 0], "texture": "#7"},
				"up": {"uv": [1, 5, 2, 8], "rotation": 180, "texture": "#7"},
				"down": {"uv": [0, 0, 0, 0], "texture": "#7"}
			}
		},
		{
			"name": "right foot",
			"from": [4, 6, 0.5],
			"to": [8, 10, 12.5],
			"faces": {
				"north": {"uv": [7, 12, 6, 13], "rotation": 180, "texture": "#7"},
				"east": {"uv": [0, 0, 0, 0], "texture": "#7"},
				"south": {"uv": [6, 13, 5, 12], "texture": "#7"},
				"west": {"uv": [6, 13, 7, 16], "rotation": 90, "texture": "#7"},
				"up": {"uv": [5, 13, 6, 16], "rotation": 180, "texture": "#7"},
				"down": {"uv": [0, 0, 0, 0], "texture": "#7"}
			}
		}
	],
	"groups": [
		{
			"name": "blanket",
			"origin": [8, 8, 8],
			"color": 0,
			"children": [0, 1, 2]
		},
		{
			"name": "bed",
			"origin": [8, 8, 8],
			"color": 0,
			"children": [
				3,
				4,
				{
					"name": "sides",
					"origin": [0, 0, 0],
					"color": 0,
					"children": [5, 6]
				},
				{
					"name": "legs",
					"origin": [0, 0, 0],
					"color": 0,
					"children": [7, 8]
				},
				{
					"name": "bottom",
					"origin": [8, 8, 8],
					"color": 0,
					"children": [9, 10, 11]
				}
			]
		},
		{
			"name": "body",
			"origin": [8, 8, 8],
			"color": 0,
			"children": [12, 13]
		}
	]
}