{
	"credit": "made by kaoif",
	"textures": {
		"5": "bed/skin",
		"particle": "blocks/bed_head_top",
		"top": "blocks/bed_head_top",
		"end": "blocks/bed_head_end",
		"side": "blocks/bed_head_side",
		"bottom": "blocks/wool_colored_white"
	},
	"elements": [
		{
			"name": "pillow",
			"from": [2, 9, 9],
			"to": [14, 10, 15],
			"faces": {
				"north": {"uv": [9, 2, 10, 14], "rotation": 90, "texture": "#top"},
				"east": {"uv": [15, 2, 9, 3], "texture": "#top"},
				"south": {"uv": [14, 2, 15, 14], "rotation": 90, "texture": "#top"},
				"west": {"uv": [9, 13, 15, 14], "texture": "#top"},
				"up": {"uv": [9, 2, 15, 14], "rotation": 90, "texture": "#top"}
			}
		},
		{
			"name": "mattress",
			"from": [0, 5, 0],
			"to": [16, 9, 16],
			"faces": {
				"east": {"uv": [16, 7, 0, 11], "texture": "#side"},
				"south": {"uv": [0, 7, 16, 11], "texture": "#end"},
				"west": {"uv": [0, 7, 16, 11], "texture": "#side"},
				"up": {"uv": [0, 16, 16, 0], "rotation": 90, "texture": "#top"},
				"down": {"uv": [0, 0, 16, 16], "texture": "#bottom"}
			}
		},
		{
			"from": [0, 3, 13],
			"to": [16, 5, 16],
			"faces": {
				"north": {"uv": [0, 11, 16, 13], "texture": "#end"},
				"east": {"uv": [16, 11, 13, 13], "texture": "#side"},
				"south": {"uv": [0, 11, 16, 13], "texture": "#end"},
				"west": {"uv": [13, 11, 16, 13], "texture": "#side"},
				"down": {"uv": [0, 12, 16, 13], "texture": "#end"}
			}
		},
		{
			"from": [0, 3, 0],
			"to": [1, 5, 13],
			"faces": {
				"east": {"uv": [13, 11, 0, 13], "texture": "#side"},
				"west": {"uv": [0, 11, 13, 13], "texture": "#side"},
				"down": {"uv": [0, 12, 15, 13], "texture": "#side"}
			}
		},
		{
			"from": [15, 3, 0],
			"to": [16, 5, 13],
			"faces": {
				"east": {"uv": [13, 11, 0, 13], "texture": "#side"},
				"west": {"uv": [0, 11, 13, 13], "texture": "#side"},
				"down": {"uv": [0, 12, 15, 13], "texture": "#side"}
			}
		},
		{
			"name": "left",
			"from": [13, 0, 13],
			"to": [16, 3, 16],
			"faces": {
				"north": {"uv": [13, 13, 16, 16], "texture": "#end"},
				"east": {"uv": [16, 13, 13, 16], "texture": "#side"},
				"south": {"uv": [13, 13, 16, 16], "texture": "#end"},
				"west": {"uv": [13, 13, 16, 16], "texture": "#side"},
				"down": {"uv": [13, 13, 16, 16], "texture": "#missing"}
			}
		},
		{
			"name": "right",
			"from": [0, 0, 13],
			"to": [3, 3, 16],
			"faces": {
				"north": {"uv": [0, 13, 3, 16], "texture": "#end"},
				"east": {"uv": [16, 13, 13, 16], "texture": "#side"},
				"south": {"uv": [0, 13, 3, 16], "texture": "#end"},
				"west": {"uv": [13, 13, 16, 16], "texture": "#side"},
				"down": {"uv": [0, 13, 3, 16], "texture": "#missing"}
			}
		},
		{
			"name": "1",
			"from": [1, 4, 0.5],
			"to": [15, 5, 3.5],
			"faces": {
				"north": {"uv": [1, 12, 15, 13], "texture": "#end"},
				"south": {"uv": [1, 11, 15, 12], "texture": "#end"},
				"down": {"uv": [1, 11, 15, 13], "texture": "#end"}
			}
		},
		{
			"name": "2",
			"from": [1, 4, 4.5],
			"to": [15, 5, 7.5],
			"faces": {
				"north": {"uv": [1, 12, 15, 13], "texture": "#end"},
				"south": {"uv": [1, 11, 15, 12], "texture": "#end"},
				"down": {"uv": [1, 11, 15, 13], "texture": "#end"}
			}
		},
		{
			"name": "3",
			"from": [1, 4, 8.5],
			"to": [15, 5, 11.5],
			"faces": {
				"north": {"uv": [1, 12, 15, 13], "texture": "#end"},
				"south": {"uv": [1, 11, 15, 12], "texture": "#end"},
				"down": {"uv": [1, 11, 15, 13], "texture": "#end"}
			}
		},
		{
			"name": "1",
			"from": [9, 11, 0],
			"to": [15, 12, 8],
			"rotation": {"angle": -22.5, "axis": "z", "origin": [8, 8, 8]},
			"faces": {
				"south": {"uv": [7, 0, 8, 6], "texture": "#top"},
				"up": {"uv": [0, 0, 8, 6], "rotation": 90, "texture": "#top"}
			}
		},
		{
			"name": "2",
			"from": [5.4, 10.3, 0],
			"to": [10.5, 11.3, 8],
			"faces": {
				"south": {"uv": [7, 5, 8, 11], "texture": "#top"},
				"up": {"uv": [0, 5, 8, 11], "rotation": 90, "texture": "#top"}
			}
		},
		{
			"name": "3",
			"from": [1, 11, 0],
			"to": [7, 12, 8],
			"rotation": {"angle": 22.5, "axis": "z", "origin": [8, 8, 8]},
			"faces": {
				"south": {"uv": [7, 10, 8, 16], "texture": "#top"},
				"up": {"uv": [0, 10, 8, 16], "rotation": 90, "texture": "#top"}
			}
		},
		{
			"name": "torso",
			"from": [4, 6, -3.5],
			"to": [12, 10, 8.5],
			"faces": {
				"north": {"uv": [9, 4, 7, 5], "rotation": 180, "texture": "#5"},
				"east": {"uv": [4, 5, 5, 8], "rotation": 270, "texture": "#5"},
				"south": {"uv": [7, 5, 5, 4], "texture": "#5"},
				"west": {"uv": [7, 5, 8, 8], "rotation": 90, "texture": "#5"},
				"up": {"uv": [5, 5, 7, 8], "rotation": 180, "texture": "#5"},
				"down": {"uv": [8, 5, 10, 8], "texture": "#5"}
			}
		},
		{
			"name": "head",
			"from": [4, 4, 8.5],
			"to": [12, 12, 16.5],
			"faces": {
				"north": {"uv": [6, 0, 4, 2], "rotation": 180, "texture": "#5"},
				"east": {"uv": [0, 2, 2, 4], "rotation": 270, "texture": "#5"},
				"south": {"uv": [4, 2, 2, 0], "texture": "#5"},
				"west": {"uv": [4, 2, 6, 4], "rotation": 90, "texture": "#5"},
				"up": {"uv": [2, 2, 4, 4], "rotation": 180, "texture": "#5"},
				"down": {"uv": [6, 2, 8, 4], "texture": "#5"}
			}
		},
		{
			"name": "layer head",
			"from": [3.5, 3.5, 8],
			"to": [12.5, 12.5, 17],
			"faces": {
				"north": {"uv": [14, 0, 12, 2], "rotation": 180, "texture": "#5"},
				"east": {"uv": [8, 2, 10, 4], "rotation": 270, "texture": "#5"},
				"south": {"uv": [12, 2, 10, 0], "texture": "#5"},
				"west": {"uv": [12, 2, 14, 4], "rotation": 90, "texture": "#5"},
				"up": {"uv": [10, 2, 12, 4], "rotation": 180, "texture": "#5"},
				"down": {"uv": [14, 2, 16, 4], "texture": "#5"}
			}
		}
	],
	"groups": [
		{
			"name": "bed",
			"origin": [8, 8, 8],
			"color": 0,
			"children": [
				0,
				1,
				2,
				{
					"name": "sides",
					"origin": [0, 0, 0],
					"color": 0,
					"children": [3, 4]
				},
				{
					"name": "legs",
					"origin": [0, 0, 0],
					"color": 0,
					"children": [5, 6]
				},
				{
					"name": "bottom",
					"origin": [8, 8, 8],
					"color": 0,
					"children": [7, 8, 9]
				}
			]
		},
		{
			"name": "blanket",
			"origin": [8, 8, 8],
			"color": 0,
			"children": [10, 11, 12]
		},
		{
			"name": "body",
			"origin": [0, 0, 0],
			"color": 0,
			"children": [13, 14, 15]
		}
	]
}